index,count,hate_speech,offensive_language,neither,class,tweet
16572,3,0,1,2,2,RT @LifeAsKing: New Orleans is still trash
21790,3,0,1,2,2,Thank you Charlie #FF @Charlie4927 @StacyDmomof5 @PattiSM74 @RevkahJC @cantUCIMblonde @Kacado
15306,3,0,0,3,2,"RT @DavidBCohen1: Will Coakley go 0-2 in ""can't lose"" races? RT @seanspicer: wow, just wow -- @BostonGlobe : Charlie Baker for Governor htt&#8230;"
17779,3,0,0,3,2,RT @SpacePlankton: Saw a man in a yellow hat at the Grand Canyon today. He was hanging out next to a curious gorge.
22685,3,0,1,2,2,Today's Spy Ops: (His soles need a cleaning lick lick. I bet this cuties sneaks smell good) http://t.co/c7Hj3DvNgp
2921,6,0,2,4,2,@ChrisTrondsen @IM5band #askim5 would you rather drink squirrel pee or Johnny Depp's wig in Charlie and the Chocolate Factory?
9148,3,1,0,2,2,"E250 5.4 motor and tranny

I have a 2008 5.4 triton motor and Transmission with 5,200 miles that came off a E250... http://t.co/d5gic83k0V"
9830,3,0,0,3,2,"Grandma: ""(Macon) is a rinky dink mosquito-filled cop-infested swamp."" LMAO"
10871,3,0,0,3,2,I just saw a man have a actual conversation with his bird haha
19622,3,0,1,2,2,"RT @iRepFrisco: Should've lost in Carolina, in Houston &amp; tonight in St. Louis! #Lucky

#Seahawks are complete trash!!"
6070,3,0,0,3,2,@ebomb26 cool beaners. i just got home. ready to keep my couch from floating away. lol
2202,3,0,0,3,2,*rubs hands like bird man
3613,3,0,0,3,2,@Ish_MallyMal August is trash
10513,3,0,0,3,2,I don't own any #Onslaught on #Vinyl I may have to get one now. Their new Lp is available in army green coloured vinyl
2895,3,0,0,3,2,"@Charlie4927 Hi Charlie, have a great day"
7493,3,0,1,2,2,@whits_20 @AjalaPilgrim Yankee? &#128530;
7076,3,0,1,2,2,@rachel_gautreau @babyydrey hey Rachel G my name isint Kenneth ok let's just get that straight &#128070; you best be backing off before I go ghetto
4379,3,0,1,2,2,@Nazario1017 I feel that.. i see nothing wrong with the gta killing bc it's not the sole purpose of the game
21944,3,0,1,2,2,The #teabagger #freemarket really doing wonders in #Bangladesh these last couple of days. #tcot #p2 #teaparty #randpaul
16885,3,0,1,2,2,"RT @MontagKeys: Jeff Fisher saved by the refs. That was karma, but the zebras messed with it."
24207,3,0,0,3,2,cheeky lol RT @_MELiSA_jay: I want those all black and yellow 95's again... ughh I &#9825; those
11268,3,0,1,2,2,"I told her too. I said ""bri don't get in tweef with anyone because you're trash at it"" and then she goes and tweefs with like 6 freshman"
20140,3,0,0,3,2,RT @mlbtraderumors: Offseason Outlook: New York&#160;Yankees http://t.co/6DtDxdI6ul
23579,3,0,0,3,2,Yankee homeruns make me all tingly.
8824,3,0,1,2,2,DEREK JETER clap clap clapclapclap #Yankees
14052,3,0,0,3,2,Or pollo
15494,3,0,0,3,2,RT @EvilMikeTomlin: Came to training camp today to find Charlie Batch asleep on the curb...
20643,3,0,0,3,2,RT @tj_curtin: A birds eye view of today's #harvest14 activities. Thanks @BrentJFF for the great camera work! http://t.co/RgETR4tV4S
15284,3,0,0,3,2,RT @DanielGennaoui: A bird that courts females by building a beautiful nest with bright objects: http://t.co/gi2rRlGRo6 &#8230; #wildlife http://&#8230;
9681,3,0,1,2,2,Ghetto bird can't fly away from my hood
4326,6,0,1,5,2,@MurdaaaMike @yfly23 wow I can put slit trophies against u in those
1626,3,0,0,3,2,"&#8220;@UTRagers: COLT MCCOY WINS&#8252;&#65039;
#HookEm&#128002;&#8221; he's still trash"
19533,3,1,0,2,2,RT @hoez4sale: Lmao they all trash before &amp; after &#128530;&#128557;
10865,3,0,0,3,2,I just might buy myself an A-Rod jersey #NewYork #Yankees #MLB
20158,3,0,0,3,2,"RT @murrman5: ""Hun, I'm quitting my job and going to learn to become a psychic. Now I know what you're thinking, well not yet. I'm going to&#8230;"
5897,3,0,0,3,2,@chrisbickert i want it! I love her gooks! she is awesome where did you get it?
13022,3,0,1,2,2,"Majority of the time, a woman's story is trash anyway..."
6855,3,0,0,3,2,"@mesmart029 Someone recently told me that a local yokel was going to ""use my twitter account to damage me"" so... Yeah."
2979,3,1,0,2,2,@CruzanChoklate look at you with yellow fever.
8753,3,0,1,2,2,Confusing circumstances seem to get in the way of your high ho... More for Virgo http://t.co/nrAAI6dhVx
6090,3,0,0,3,2,@elise_palmer im assuming mickey bubbles
8663,3,0,0,3,2,"Charlie Rangel: Some Republicans 'Believe That Slavery Isn't Over' | Truth Revolt: http://t.co/NpbdPk0Cqz 
Bam, Race Card Vote Democrats out"
21131,3,0,0,3,2,Serious question here; How many country songs mention honkey tonk(s)?
11998,3,0,1,2,2,Iggy is trending. Twitter's trash today.
7294,3,0,1,2,2,@suchy_monster you make me feel all warm and fuzzy inside &#128522; #youCANsitwithus
3419,3,1,0,2,2,@HBergHattie @snkscoyote I wonder if the progs didn't relegate young black men to the ghettos to keep them away from harry reid's friends...
21557,3,0,0,3,2,Sooo my first aid/cpr certification came in handy tonight. Glad I didn't lose my monkey @Bekkalina13
13798,3,0,1,2,2,"Nothing says teabagger like a millionaire complaining that they are broke, huh #HillaryClinton? #Hillary2016, give me a break, lol. #p2"
16977,3,0,0,3,2,"RT @NYeoman: Jets, Bills and Dolphins all win. How does sole possession of last place feel Mr. Belichick?"
17604,3,0,0,3,2,"RT @Savage_Glam: Idk if @IGGYAZALEA is really a man, but she surely is a trash rapper."
21901,3,0,0,3,2,That was not good times! Starting the mickey mouse club soon!
19789,3,1,0,2,2,"RT @jgalt666: Don't let a crisis go to waste.Dems Exploiting Ebola to trash Repubs opposed to Obama&#8217;s choice for Surgeon Gen, http://t.co/&#8230;"
8249,3,0,0,3,2,Big night of &#127936; #hoosiers #iubb #big10 and #pacers #nba #indiana #hoosierstate #paulgeorge #codyzeller http://t.co/UFmje1gk
13574,3,0,0,3,2,New @TimbersFC jersey should be yellow with a green chevron stripe like charlie brown's jersey
15087,3,0,1,2,2,RT @ClutchLikeMJ: Tennessee isn't even orange it's like vitamin pee yellow &#128553;&#128514;&#128514;&#128514;
14475,3,0,0,3,2,RT @AlexPappas: Rick Scott Refuses To Appear On Debate Stage Because Charlie Crist Has An Illegal Electronic Fan http://t.co/qTPeHb2seX via&#8230;
3476,3,0,1,2,2,@Honeysuckle_Tav Well he canonically plays the troll equivalent of Pokemon... *throws the new Fairy type at him*
17749,3,0,0,3,2,RT @SneakerPics23: Oreo 6's http://t.co/Jx9DD9oahY
5181,6,0,0,6,2,@TreshaRenee I didn't make to any games last season. Just looked it up. Astros open up with the Yankees 1st of April
17893,3,0,0,3,2,"RT @SweetiePaii: RT if you listen to these bands &#128522;

A7X
PTV
SWS
ATL
BVB
ADTR
BMTH
YMAS
FOB
AA
Blink 182
TDG
SS
FIR
MCR

Follow me &amp; everyon&#8230;"
3937,3,0,0,3,2,@KingCuh @TEE_JONEZ io.. lol osi tangi! Haha a tuku ho tangible Terryn! Atunga ho fie lea lahi mai!
21679,3,0,1,2,2,Suddenlink is trash. Y'all know how important Bubble Guppies is to our day?
12158,3,0,1,2,2,Is it weird licking your own nip?
4550,3,0,0,3,2,"@PlannedSickDays hey, do you have that screen shot of djk's wiki page being updated regarding the trash can incident?"
22008,3,0,0,3,2,The early bird gets the worm But the second mouse gets the cheese
19522,3,0,1,2,2,"RT @hiteshrangra: Sonia never criticises @ArvindKejriwal . Kejriwal, who trashes every other leader, never criticises Sonia. Touching. #YoK&#8230;"
21285,3,0,0,3,2,Shy girls &gt;&gt;
4294,3,0,0,3,2,@Mr2damngood4u AS IN&gt; #nature #biology&gt; Dogs don't eat each other as much as birds do. Not everything is as it seems in human terms.
22380,3,0,0,3,2,This 8 yr old on #masterchefjunior made my chicken look like trash.
20066,3,0,0,3,2,"RT @markhoppus: Yes, yes I know all about the FOB reconciliation. IT WAS MY IDEA! You're welcome."
20055,3,0,0,3,2,RT @madi_judkins: When you look like trash and someone compliments you http://t.co/FzuXlPCMpV
20063,3,0,0,3,2,RT @mandylea25: I've talked too much trash for OU to lose today..
5456,3,0,0,3,2,@_DRACHEOFFICIAL I've tried. I always hit ALT+F4 and eat Mega Stuffed Oreos because I can't figure out those programs. lol
21963,3,1,0,2,2,The Perfect Gift for the Jihadi on Your Shopping List http://t.co/YbcsutdGMw http://t.co/nNwums32b4
11316,3,0,0,3,2,I want some monkey bread.
2000,3,0,0,3,2,&#8220;@yungtfti: I feel sorry for anyone who paid for LIC because edc is trash music&#8221;
17794,3,0,0,3,2,"RT @SportsCenter: Don't look now, but the Browns are in sole possession of 1st place in the AFC North. The Cleveland Browns. http://t.co/C3&#8230;"
19356,3,0,1,2,2,RT @duttyOGshake: for real this game is pub trash let's do drugs and get smashed
11505,3,0,0,3,2,I'm a sucker for colored eyes &#128532;&#128532;
16672,3,0,1,2,2,RT @LucentVariable: @TonyJRodriguez friendly reminder that you shouldn't try to have sex with birds
2025,3,0,0,3,2,&#9733;@&#9733;@&#9733;@&#9733;@&#9733; GRAND OPENING ! &#9733;@&#9733;@&#9733;@&#9733;@&#9733; TOP CLASS &#9733; Oriental Massage &#9733; PERFECT !&#9733; http://t.co/2POFGc7ohC
3999,3,0,0,3,2,@LandonVanBus Charlie Day?
20350,3,0,1,2,2,RT @renegadecut: Video: Renegade Cut: Snowpiercer &#8212; An analysis of Bong Joon-ho&#8217;s sci-fi action film. Topics include... http://t.co/YNT9zS0&#8230;
13792,3,0,0,3,2,"Not ya grandma brownies, wink wink http://t.co/pZPI8RUQ4F"
17899,3,0,0,3,2,RT @Swizzzy: Peeps are trash.. Marsh mellows in general are trash
3824,3,0,0,3,2,"@JunDishes get a can of WASP SPRAY. it shoots out 20 feet and cheaper than bear spay or mace, works just as good"
16627,3,0,0,3,2,RT @Lmao: When I make the paper ball into the trash can. &#128240;&#127936;&#128168; http://t.co/VjeGtjEP3X
17871,3,0,0,3,2,RT @Sulerte26: BREAKING: Yankees acquire Lebron James in a 3 team deal per sources http://t.co/rSMi4p7o6u
18144,3,0,0,3,2,"RT @TheXbone: Twitch Plays Call of Duty. Enter trash talk in the chat, the auto-aim will do the rest"
15835,3,0,0,3,2,"RT @Herman_NYRBlog: Yankees shouldn't even bother to show up to Boston, man. Just fold the franchise. Cancel baseball."
16484,6,0,0,6,2,RT @LJSpagnoli: Isis and Jihadi Terrorists 'Post 90 Tweets Every Minute' to Spread Propaganda http://t.co/eRJMveF996
5161,3,0,0,3,2,@ToddIrwin1 NFL... Forgetabout they got until February. It's the pennant race. Let's Go Yanks.
17180,3,0,1,2,2,RT @OhSoDestinee: &#8220;@iDocLyfe: That 'Ouija' movie look like trash&#8221; its really good.
23009,3,0,0,3,2,We over here struggling with college and work and ice jj fish making money for being trash lol. What has this world come to.
8835,3,0,0,3,2,"Dad brought me home a watermelon eegee, but I don't like it so it's going in the trash &#128686;"
6735,3,0,0,3,2,"@lauramartyy ""wait n as in nick or m as in mick?"" &#128514;&#128514;"
262,3,0,1,2,2,"""@Theo17100: http://t.co/BYj1HOyhmG"" this scally lad would get it"
21562,3,0,1,2,2,Sorry all my fellow negros
20467,6,0,0,6,2,"RT @sky106radio: For lots of great oldies, check out ""Memories and More"", with Yankee Rose, today from 1:00 PM to 4:00 PM Eastern! http://t&#8230;"
6770,3,0,0,3,2,"@littlelouie33 eh, take off hoser."
835,3,0,0,3,2,#Yankees got beaten by a thug
13982,3,0,0,3,2,One of the world's most prominent Jihadi forums just got shut down &#8594; http://t.co/9vafK90DOU
19173,3,0,0,3,2,RT @chilltweetss: flappy bird is deep... hahaha http://t.co/EMuhmR3jzE
4532,3,0,0,3,2,@Pepper_Redbone @Yankees @Mets I miss NYC!! Nashville needs a pro AL team. The closest is KC or Tampa. That's pretty bad. The south is NL.
6283,4,0,1,3,2,@hxhsharingan666 did you make an animal cracker taco
4717,3,0,0,3,2,@RubyFakhoury @Nyquil_Dreams @guynamedjordan lets not forget the fact that everyone and their mother has yellow fever
19027,3,0,1,2,2,RT @badnradbrad: @whattheflocka lol have u seen when ike and his kindergarten teacher start having a sexual relationship
20139,3,0,1,2,2,RT @mjxcx: Teachers trying to pronounce ghetto names on the 1st day of school.... https://t.co/8CjuAVL3Ct
7788,3,0,0,3,2,All I wants is to represent da life o da colored man.
16783,3,0,0,3,2,"RT @McNarstle: ...and rounding out our CNN Ebola panel tonight, the monkey from the 1995 film, OUTBREAK."
8549,6,0,0,6,2,"Can someone please explain to me, Why are the birds so angry &amp; destroying pigs' homes?"
5375,3,0,0,3,2,@YesseSmith I was born yellow
5223,3,0,0,3,2,@UdrewhendersonU Nope. Super chocolatey yummy brownies.
12912,3,0,0,3,2,Lol colored contacts played out.
22338,3,0,0,3,2,They have a clumsy bird too lol what is life
2709,3,0,0,3,2,@BolandDrummer I have never once in my life been to a 'coffee shop' like Starbucks. I am a hick though.
10801,3,0,0,3,2,I hate yellow jackets can't feel arms and back lol
14681,3,0,1,2,2,RT @BeardedNixon: Poont gotta be trash
7981,3,0,0,3,2,And where do you think unsold items from thrift stores go? The garbage. Think of all the great games that are in trash dumps as we speak :(
24354,3,0,0,3,2,"glenladen got life flight to osu and they are saving him, don't mess with the birds #RESPECT"
13231,3,0,0,3,2,Mother Nature hates the Yankees and baseball
22167,3,0,1,2,2,There's someone riding around the Robinson Walmart in a lawn mower. With ghetto headlights added. #reallife
17513,3,0,0,3,2,"RT @RobertCDick: Protest climate change, leaves trash behind. #VotingMatters"
22071,3,0,0,3,2,The redskins just begging to lose this game smh
20947,3,0,0,3,2,Really tempted to let out the redneck side of my drink a lot of beer and sing some country karaoke..
20883,3,0,1,2,2,"RT @zachthorpe78: ""the trash generation"""
19241,3,0,0,3,2,"RT @daggerbyte: Call me old fashioned, but I'm sewn together with magic and birds."
18568,3,0,1,2,2,RT @Yankees: You may cry after watching the Derek Jeter @Gatorade ad: http://t.co/hMO9Bxol0x http://t.co/0xdlxToci8
23287,3,1,0,2,2,"Who is John Hanson? A ""Black"" Man, A Moor, John Hanson
was the First President of the United States! George... http://t.co/rpSeqjD3"
5121,3,0,1,2,2,@TheShoeBible @Steamed_Greens Them hoes are clean!
8958,3,0,0,3,2,Diabetes galore &#128514;&#128514;&#128514;&#128514;&#128514; RT @TIME: Colorado health officials recommend pot brownie ban http://t.co/Z59oy20TMp
15723,3,0,0,3,2,"RT @Goldkamp247: Yep, Steve Spurrier just sorta compared Alabama to the Yankees. ""They've (NY) got the biggest payroll, they don't win ever&#8230;"
17956,3,0,0,3,2,RT @Talkmaster: People who would vote for Charlie Crist and Michelle Nunn are why our founders did NOT put a right to vote in our Constitut&#8230;
10499,3,0,0,3,2,"I don't know what's more stressful, midterms or flappy birds."
5355,3,0,0,3,2,"@Yankees @marines1994 Daggone it Twins, kick it up a notch... Time to beat the Yankees..."
8401,3,0,1,2,2,Breakfast of champions shrimp lobster balls (no sandusky) French fries nd a nice big Quahog (clam for&#8230; http://t.co/UajUkcoAfV
18371,3,0,0,3,2,RT @Vaeflare: ...Because sometimes you just need a moment to appreciate a noble guinea pig with steampunk dragon wings. http://t.co/SeRyx9v&#8230;
7038,3,0,1,2,2,"@politicsofamy Whoa easy Amy, don't slag the Canucks too much with such a generalization"
21116,3,0,0,3,2,Seeing another baseball team just makes me wanna book my @Yankees trip right now.
18167,3,0,1,2,2,"RT @ThomasKeneally: Obersturmfuhrer Matthias, my wife is a superb financial brian. Carry on with your labelling in her presence, and see ho&#8230;"
19150,3,0,1,2,2,"RT @ceut: BushCo used to publicly trash ex-officials who wrote books - Snow, O'Neill, etc. Bet we won't hear PBO trashing Gates... #morning&#8230;"
6341,3,0,1,2,2,@imdevincarlson trash*
10934,3,0,0,3,2,I like Rivers he talks a lot of trash you can tell he loves the game
12468,3,0,0,3,2,Just seen a pic comparison of Lou Holtz and he grandma off Beverly hillbillies and I can't stop crying tears of unfathomable hilarity.
570,3,0,0,3,2,"""The devil grows inside the hearts of the selfish and wicked
White, brown, yellow and black color is not restricted"""
9667,3,0,0,3,2,Get two birds stoned at one time.
13802,3,0,0,3,2,Now I am seeing chatter among Jihadi fans taking credit for an alledged kidnapping of a Frenchman in #Algeria #France
23204,3,0,1,2,2,"When people really think I'm Asian I get offended,
Even though I make fun of my gook self"
19525,3,0,0,3,2,RT @ho3micide: Morgan Park kids like to pop fire crackers in the school now
21750,3,0,0,3,2,Tattoos are about expression not meaning. One mans trash is another mans treasure &#128161;&#128176;
23037,3,2,1,0,0,"Well gahdamn. RT @HuhWhatsACondom: Wooooow &#8220;@moesdeph: ""Good job mommy"" cutest thing blue ivy ever done she still an ugly nigger baby&#8221;"
22963,3,2,1,0,0,Watch out nigger lovers. You day is coming. http://t.co/ZV1CpK1iy8
694,3,2,1,0,0,#California is full of white trash who moved from #Oklahoma
1230,3,2,1,0,0,"&#8220;@Crowdifornia: We agree... do you? http://t.co/4diz5NKYMN&#8221; FUCK YES, I DO! Send those illegal, wetbacks home!!!"
1668,3,2,1,0,0,&#8220;@_BitchBUH: Shoot that nigga and his shorty bitch &#128299;&#128514;&#8221; &#8252;&#65039;&#8252;&#65039;
744,3,2,1,0,0,#JesusChrist was STRAIGHT&gt; That's why the #faggots killed him. #PERIOD #SonOfGod&gt;
791,3,3,0,0,0,#SouthCarolina is full of white trash
13354,6,4,2,0,0,My eyes feel so chink eyed
574,3,2,1,0,0,"""These sour apple bitter bitches, I'm not fuckin wit em"""
3734,3,2,1,0,0,"@Jaytwofly huh, lol mad nigger is mad"
9530,3,2,1,0,0,Fuck that nigga's shit up! Olivia's pussy got Fitz going batshit!!!
7416,3,3,0,0,0,@truuueee_ that bitch done.. have it to u on Sunday my nigga
10839,3,2,1,0,0,I hope you get eye cancer bitch.
20697,3,3,0,0,0,"RT @twerkn4boba: "" fuck you say bitch? I will kill you "" http://t.co/3EiGzh6Q13"
3214,3,2,1,0,0,@ErinTaylor14 @BRios82 you both sure do You want to give a free pass to every border jumper in this country you two are what's wrong here
19796,3,2,0,1,0,RT @jjauthor: US ghettos-driven by liberal ideology; forged by unions &amp; bankrupted by self-serving Dems catering to parasites!#tcot http://&#8230;
7007,3,2,1,0,0,@passIt2Liv Hit a bitch it's not like you can see the bruises
20714,3,3,0,0,0,"RT @useemitch: 1, 2, 3, 4... how many niggers are in my store, I knooooooow your stealing! &#128514;&#128514;&#128514;"
6643,3,3,0,0,0,@kieffer_jason lmao why ur dad raised u to be a bitch made nigga
10715,3,2,1,0,0,I hate all these industry fags. I hope they all get the Nigerian Summer Flu
7093,3,2,1,0,0,@real5Hfacts stfu u ugly dyke
5180,3,2,1,0,0,@TreTyler_108 That's actually non-English. Because #okiecops are filthy white trash who are all criminals.
4569,3,2,1,0,0,@Princesslexii16 Fucking coon
23811,3,2,1,0,0,You hate football your a faggot
2790,3,3,0,0,0,"@CHARLESBARRKLEY hey Sir house nigger, uncle tom aren't you from grand ole Mississippi, I rest my case!"
3326,3,2,1,0,0,"@GeneTNBARockBox Says the old man :( I hope you can survive another 10 years, you silly Jigga boo monkey"
3040,3,2,1,0,0,@DarienDaywalt bitch shut the fuck up goddam your a slut bitch whore nigga
12280,3,2,1,0,0,It's so shady when you bitches talk to guys w/ girlfriends that's so disrespectful to do to another girl
20401,3,3,0,0,0,RT @salmeron_bryan: You're not the father ! What every Mexican/nigger loves to hear.
23521,3,2,1,0,0,Y'all hoes really get mad cause a nigga don't want cha
742,3,2,1,0,0,#Iowa is full of white trash
3777,3,3,0,0,0,@JoeDouglas1 sit down and stfu raghead @Darknight420 @hajihuntingpat
10332,3,2,1,0,0,I be waking up on some new shit like fuck that bitch shit
9156,3,2,1,0,0,Eagles fuck around &amp; lose it'll be kill the cracker at the Sophi crib smfh
6759,3,2,1,0,0,"@lillivonschtupp @13Damage @BrazenModels 
I don't likes dat magazine. All da black folk look like dey one chromeasome away from da ape"
6176,3,2,1,0,0,@garrett_winker wow u hoe is the term for women
4466,3,2,1,0,0,@Ole_Boy @m10eezy yes I'm white washed because I don't go around repping my hood and saying a bunch of ignorant nig terms.
9237,3,3,0,0,0,Every slant in #LosAngeles should be deported. Those scum have no right to be here. Chinatown should be bulldozed.
9565,3,3,0,0,0,Fuck you ghetto ass coons
443,3,2,1,0,0,"""Don't worry about the nigga you see, worry about the nigga you DON'T see... Dat's da nigga fuckin yo bitch."""
3663,3,2,1,0,0,@JRise88 shut up you stupid bitch
8266,3,2,1,0,0,"Bitch ass nigga, be hating on black women... Uncle Tom bitch punk."
18892,3,2,1,0,0,"RT @_politeASSHOLE: 4) Only pussy niggas who suck dick cry about someone being in their mentions, tweet the person then cry again about the&#8230;"
7159,3,2,1,0,0,@samzbikowski some negro amigo pulled a gun on Nate and I a few weeks ago. I was STOKED!&#128299;&#128299;&#128299;
6599,3,2,1,0,0,@kieffer_jason @zach_smith98 @NathannDevlin so why the fuck are still talking shit. You acting like a pussy ass nigga
24313,3,2,1,0,0,fat bitches fat bitches heeeey
11636,3,3,0,0,0,"I'm not weird, you're just a faggot"
25084,3,2,1,0,0,this guy is the biggest faggot omfg
12697,3,2,1,0,0,Liberty and justice for all RT @ThatAngryNigga Go get me a sandwich nigger or I'll kill you
2922,3,2,1,0,0,"@Chris_Anzueto @Josh_Mackey15 you call someone a faggot and then say to kill themselves, you are a pathetic human being. A fucking disgrace."
3709,3,2,0,1,0,"@JasonMoriarty13 I remember his nephew Lucas crying and dan saying ""quit being such a pussy and grow a pair"" or something. &#128514;&#128557; dans so funny."
4247,3,2,1,0,0,@Mimistheone stop trolling me u creepy ass cracker!!!
9599,3,2,1,0,0,"Fuckkkkk!!! My nig a g tho, he gonna come back"
17311,3,2,1,0,0,RT @Poochda63: I go to take the trash out and a darkskin nigga stole my damn garbage
8632,3,3,0,0,0,Ceasefire?Let's see how long those towel heads can go without trying to attack Israel then cry to national media when they get popped again
14481,3,2,0,1,0,RT @AlfanoLisa: @Chris_1791 @MariaChappelleN Gee isn't cracker a racist term? So tired of these race baiters.
19500,3,2,1,0,0,RT @halfricannnnn: nigger
5065,3,2,1,0,0,@TheErniie You're a little bitch.
12197,3,2,0,1,0,"It happens AGAIN!! Black pack beats ""whitey."" This should make national news. http://t.co/izKoA2Xb"
20120,3,2,1,0,0,"RT @milesfan79: realest tweet i seen today RT @SoopSoo: &#8230;. Dyke bitches are rehab for hoes.And once im healed,back to the dick I go"
19952,3,3,0,0,0,"RT @lightskin_chink: This vine still funny as shit to me &#128557;&#128557;&#128514;""How many niggers are in my store""? https://t.co/t7rUJTKEi1"
9532,6,4,2,0,0,"Fuck that niggah he so weak, he cant tell that you a freak"
21970,3,2,1,0,0,The South is full of white trash. The Midwest is full of white trash. The West Coast if full of white trash.
4356,3,2,1,0,0,"@NYRKelsMads @DaniloNavarro85 Hey fag, I said this was your aunts. *He* said it was you."
3500,3,2,1,0,0,@HuffingtonPost y don't that bitch just shoot herself? so sick of all those whores!
19780,3,2,1,0,0,"RT @jerrilyn71: ""@HistoryGoon: hey dicklicker! it says im happily divorced not bitter! homophobic? im not scared of queers..i hate em! fudg&#8230;"
8383,3,2,1,0,0,Boy Yung thug is a fag
7898,3,2,0,1,0,Already more yellows than the last 2 years combined #IndyCar #Honda200
21882,3,2,1,0,0,That pic is now circulated by Jihadis with a call to kill him. http://t.co/PUn8fNVBal #Saudi #ISIS #Syria
5427,3,2,1,0,0,@Zohdaa fags
7237,3,2,1,0,0,@sizzurp__ @bootyacid @ILIKECATS74 @yoPapi_chulo yeah ok nigger.
5616,3,2,1,0,0,@aasthaxoxo oh shut your mouth i was talkin about the morning you fag
10388,3,2,1,0,0,I can't blow bubbles or whistle. I'm basically retarded.
14137,3,2,0,1,0,"People who go to church in Hollywood, CA are all white trash filth."
14033,3,3,0,0,0,Only white trash would call slants and hindis and moslems their equals.
18607,3,0,3,0,1,RT @YunGMiGo: Spit da same game to hoes like da same clothes money bring power so we like a bankroll @Shane_A1
23458,3,0,3,0,1,Words for my single niggaz out here! too many bad bitches better than the last so never sweat a chick man they confused and that's ok.
20031,3,0,3,0,1,RT @lungfiber: True life I'm an emotional clingy bitch
11071,3,0,3,0,1,I need some new hoes
18480,3,0,3,0,1,"RT @WindPushedGrass: ""This bitch is just dead weight""

- Pallbearers"
14931,3,0,3,0,1,RT @CallMeRenee_: @1inkkofrosess @Bojieasx ohh bitch you might pass lol
18278,3,0,3,0,1,RT @TweetLikeAGirI: wow so the dolphin asked her to marry him and she kisses the other guy right in front of her rude ass bitch http://t.co&#8230;
7951,3,0,3,0,1,"And girl that pussy ain't shit to me, baby girl roll up and get high"
3819,3,0,3,0,1,@Julian_jval I totally think the something when bitches come across mine saying we are similar. Uh no &#9995;
7163,3,0,3,0,1,@santos_brina what a ratchet ass bitch bet she felt dumb&#9996;&#65039;
1996,3,0,3,0,1,&#8220;@yahhtriick: How do people even get crushes on me. Im like a total bitch.&#8221; &#128129;
17188,3,1,2,0,1,RT @Oluwakaponeski: No one told me The Military is the worst place to be a bitch trying to get all emotional ontop babe
20725,3,0,3,0,1,RT @versaceezy: if we date u don't even gotta worry bout me talking to other hoes cus I ain't got any
4391,3,0,3,0,1,@NexusAltase Fuck her right in the pussy
327,3,0,3,0,1,"""@datFullerkid: @TreVaughnLG yall both gimped up??"" Ain't tht a bitch huh lol"
12525,3,1,2,0,1,Keep it G I never fucked a squirter bitch &#128514;
1079,3,1,2,0,1,&#128563;Oh this bitch Midy must be crazy http://t.co/75LWvtD4oJ
5782,3,0,3,0,1,@bitchkrieg HBIC....... Head bitch in charge. Lol
9808,3,0,3,0,1,Got uh bitch dat set it off like Jada Pickett &#128130;&#128176;&#128176;&#128293;&#128299;&#128299;
1339,3,0,3,0,1,&#8220;@IAm_Cream: &#128514;RT @DontGetGrandHoe: When y'all hoes going to learn how to spell&#8221; &#128588;&#128588;
23035,3,0,2,1,1,Well dayum RT @Tristine214: I seen you bitches knocking censor tags off your clothes on your patio with hammers http://t.co/tWE3VY0Bk5
24419,3,1,2,0,1,hit the strip club and see some bitches I went to school with......
23153,3,0,3,0,1,When a fat bitch want you and a skinny bitch can't cook nothin for you &#128514;&#128514;&#128514; these hoes ain't hungry &#128514;&#128514;
25167,6,0,6,0,1,well ain't that a bitch
1577,3,0,3,0,1,&#8220;@TVEMike: When you catch your girl doing some hoe shit behind your back https://t.co/V4FZ6RXxWd&#8221;&#128553;&#128514;&#128514;
23868,3,0,2,1,1,You need a nicca like me to bring that freak outta you
583,3,0,3,0,1,"""Twitter is twitter"" bitch twitter is life"
11204,3,0,3,0,1,I swear females think they know me.... bitch you don't know my intentions you just think you do
17597,3,0,3,0,1,RT @SashaNexx: I found a mega-carrot at the store today! 50 retweets and I'll shove it up my pussy (; +pics!!! http://t.co/LyMLqUClwJ
18000,3,1,2,0,1,RT @ThadIsReal: Ladies If a nigga always wanna go out and party every weekend . He basically side hoe shopping
16544,9,0,9,0,1,RT @LeezyTheWarrior: Can't be letting them messy hoes mess with yo business...
1201,3,0,2,1,1,&#8220;@Cheddar85: Got the carburetor foyer my #chevy c10 being rebuilt by my #redneck friend ... everybodys got one!!&#8221; I need 1 they can build
6963,3,0,3,0,1,@nkyathappala I'm gonna drink monster til I sue we gettin the bitch #GottaGetThe30
14267,6,0,6,0,1,Pull up on my ex make that bitch mad.
19913,3,0,3,0,1,"RT @kxyIx: Females love stealing someone's boyfriend , that's not cute y'all hoes need some morals &amp; life goals"
477,3,0,3,0,1,"""I don't chase after dudes... I chase after bitches."" - Edgar Bautista"
9314,3,0,3,0,1,Fat bitches got the most pictures
4882,3,0,3,0,1,@StarStunnaTBGH facts &#128514; ... IDC Iont have no bitches so I'm good lol
9881,3,0,3,0,1,Haha a private industry birthday is needed to all who have celebrated our bday the past month I can't wait for ours! I see you nig**s lol &#128513;
8448,3,1,2,0,1,Buddy drug the whole train lmao good ... extra ass hoes
13242,3,0,3,0,1,"Mufuckas been followin me on this bitch, tho."
11174,3,1,2,0,1,"I smoke a fat pound of grass, and fall on my ass, faster than the fat bitch who sat down to fast."
15351,3,0,3,0,1,RT @DiandraSaysSo: &#8220;@itzbreak: like you have to be borderline retarded not to see andre 3000's elite skill level for example.&#8221; Yep! This go&#8230;
17743,3,0,3,0,1,"RT @Smooth_Orator: For niggas who claim to love pussy as much as y'all do, y'all should be champions for sexual liberation and stigma remov&#8230;"
21609,3,0,3,0,1,Stern fixed the image of the league.. NBA players not knocking they bitch out in elevators.
7325,3,0,2,1,1,@taylorlynn_15 Hey it works. Most people hate me for it but as long as I'm still happy they can bitch all they want &#128514;&#128077;
8347,9,1,8,0,1,Bobby bitch
19444,3,0,3,0,1,RT @fucktheseHOES__: Hate a bitch that run her mouth .
15010,3,0,3,0,1,RT @CheefPolo: Trippin over a rock &gt;&gt; trippin over a bitch
21183,3,0,3,0,1,She got me like fuck that bitch
15020,3,0,3,0,1,RT @ChiChi_knows: Chris brown a bitch because everyone talks about his relationship. Why come at two females? Charlemagne be saying the sam&#8230;
5667,3,1,2,0,1,@alwayznpolo fuck all cops. and fuck you too tarah. bitch your elongated nose is shaped like a horses dick. @tarah_dactyl_
174,3,0,3,0,1,"""@LiLFridayHOE: Easy cum, easy hoe"" That's a fact !"
19396,3,1,2,0,1,RT @erinfbaaby: &#8220;@2chainzz2pumps: Girl ugly denna hoe &#128532;&#8221; what's this then :/ http://t.co/YbXiFwTugu
19615,3,0,3,0,1,"RT @iMIKEDUNN: For all you bitches that think you're a ""bad bitch"", please tell that to Rhonda Rousey."
24364,3,0,3,0,1,got cramps bitches? #smokeweed #teamloudpack
23174,3,0,3,0,1,When ex girl friends get fat. That's god saying hey man.. You're welcome lmfao &#128514;&#128557; big ole bitch
19295,3,1,2,0,1,RT @derekt529: See RT @Adolfhibsta: Your pussy &amp; personality gotta be trash if a nigga stopped talking to you after sex
9838,3,0,3,0,1,Grow up bitch
14473,3,0,3,0,1,"RT @AlexDavisRaps: ""Pacer"" is short for pussy"
5608,3,0,3,0,1,@_xpriceless_ correction bitch yo illiterate ass wanna eat my pussy and I got some center street boys dat u can suck up nun major
2915,3,0,3,0,1,@ChrisHeben you motherfuckin' bullshit slingin' son of a whore! you disgraced all vets with ur crap. now go off to pussy land where u belong
9884,3,0,2,1,1,Haha macklemoore was just on my ferry boat bitches. That black caddy !
23015,3,0,3,0,1,"We'll catch them hoes later, stay on ya grind"
6830,6,0,6,0,1,@mauriokart wtf is ur tumblr bitch
3712,3,0,3,0,1,@JavieTheCreator stank ass hoes haha
1525,3,0,3,0,1,&#8220;@RspectMy_Pretty: If a bitch comes for me I hope she bout all that slick shit she yapping about &#128064;&#8221; Thuggin
25266,3,1,2,0,1,you ain't gotta be a dyke to like hoes
7109,3,0,3,0,1,@rellyOnSMASH @LiveAndUncut my bitch do all that and still go out
720,3,1,2,0,1,#FreeElChapo is trending?! why cus French Montana's bitch ass?? you fucks that think selling drugs is cool are the LAMEST POSERS!!
21663,3,1,2,0,1,Stupid bitches. Fucking skanks. Dumb hoes.
12902,6,0,6,0,1,"Lol Sam said ""Betty Boop"" is a hoe &#128514;"
6460,3,0,3,0,1,@jonnnycashh #pussy
23635,3,0,3,0,1,Yeezus was fuckin trash
8442,3,0,3,0,1,"Brutus looking girl getting off the elevator as I'm walking into a different one... No bitch u can't come in, u can't u can't come in."
